species,number, eusocial, flight_speed, stdev-angle, niche,niche_preferences, nest_habitat,max_distance,perception_range,perception_angle,body_mass,turtle_size,turtle_color
1,10,0,0,90,[1  4],[0.6849904765832663  0.3150095234167337],0,0,4,180,4.955,4,5
2,10,0,0,90,[1  2  3  4],[0.11309089243882502  0.3018744307348859  0.3039000785288938  0.2811345982973951],0,0,4,180,4.619,4,25
3,10,1,0,90,[2  3],[0.38578042315550204  0.6142195768444979],7,0,4,180,7.021,4,35
4,10,1,0,90,[1  4  5],[0.5974607895768362  0.1776037743293599  0.22493543609380393],7,0,4,180,4.087,4,55
5,10,2,0,90,[3  4  5],[0.019102980660614458  0.3460640423574919  0.6348329769818937],7,0,4,180,7.881,4,65
6,10,2,0,90,[6],[1.0],7,0,4,180,6.068,4,85
7,10,3,0,90,[1  5],[0.4625230450981234  0.5374769549018766],7,0,4,180,2.131,4,95
8,10,3,0,90,[4  5  6],[0.3861890757302859  0.2216760323966311  0.39213489187308304],7,0,4,180,6.888,4,115
